Accuracy,F1 Micro,F1 Macro
0.930443525314331,0.8603945371775418,0.8601050379358702
