Accuracy,F1 Micro,F1 Macro
0.9519644379615784,0.8650497017892643,0.8528378060793056
