Data Used,Accuracy,F1 Micro,F1 Macro,Sampling Duration
25,0.9661458134651184,0.974308300395257,0.6534993795231663,0.0
63,0.9661458134651184,0.974308300395257,0.6534993795231663,9.910701036453247
97,0.9661458134651184,0.974308300395257,0.6534993795231663,9.06727409362793
128,0.9661458134651184,0.974308300395257,0.6534993795231663,8.583097696304321
156,0.9661458134651184,0.974308300395257,0.6534993795231663,7.770595073699951
181,0.9661458134651184,0.974308300395257,0.6534993795231663,7.224468231201172
203,0.9661458134651184,0.974308300395257,0.6534993795231663,6.542664051055908
223,0.9661458134651184,0.974308300395257,0.6534993795231663,5.907520294189453
241,0.9661458134651184,0.974308300395257,0.6534993795231663,5.357295274734497
250,0.9661458134651184,0.974308300395257,0.6534993795231663,5.096691131591797
265,0.9661458134651184,0.974308300395257,0.6534993795231663,4.858916521072388
279,0.9661458134651184,0.974308300395257,0.6534993795231663,4.472834587097168
292,0.9661458134651184,0.974308300395257,0.6534993795231663,4.576338529586792
300,0.9661458134651184,0.974308300395257,0.6534993795231663,4.285471677780151
310,0.9661458134651184,0.974308300395257,0.6534993795231663,4.001828670501709
320,0.9661458134651184,0.974308300395257,0.6534993795231663,3.6970505714416504
330,0.9661458134651184,0.974308300395257,0.6534993795231663,3.440269708633423
340,0.9661458134651184,0.974308300395257,0.6534993795231663,2.7913451194763184
350,0.9661458134651184,0.974308300395257,0.6534993795231663,2.4805800914764404
360,0.9661458134651184,0.974308300395257,0.6534993795231663,2.250230312347412
370,0.9661458134651184,0.974308300395257,0.6534993795231663,2.0520715713500977
380,0.9661458134651184,0.974308300395257,0.6534993795231663,1.7509942054748535
390,0.9661458134651184,0.974308300395257,0.6534993795231663,1.5561976432800293
400,0.9661458134651184,0.974308300395257,0.6534993795231663,1.3639893531799316
