Trial,Aspect Accuracy,Aspect F1 Micro,Aspect F1 Macro,Sentiment Accuracy,Sentiment F1 Micro,Sentiment F1 Macro,Accuracy,F1 Micro,F1 Macro
1,0.9666666388511658,0.9792207792207792,0.9769157930446557,0.9103019833564758,0.9103019538188277,0.8851423071523723,0.960945725440979,0.9609457092819614,0.8952350672235136
2,0.9657986164093018,0.9787188073890029,0.9766598571405046,0.9142599105834961,0.9142599277978338,0.8894373024634494,0.9597197771072388,0.9597197898423817,0.8841672773741758
3,0.9675347208976746,0.9797947055645596,0.9777121339683907,0.9225225448608398,0.9225225225225225,0.9007382759696372,0.9628721475601196,0.9628721541155866,0.9006469773418415
4,0.9668402671813965,0.9793491188236566,0.9771532405984061,0.9166666865348816,0.9166666666666666,0.8934431194591459,0.9612959623336792,0.9612959719789842,0.886434245414484
5,0.9659722447395325,0.9788656458917404,0.9770962981573348,0.9193400740623474,0.919340054995417,0.8935505903014929,0.9607706069946289,0.9607705779334502,0.8829180396962946
