Accuracy,F1 Micro,F1 Macro
0.8980262875556946,0.8202898550724638,0.8247520793888089
