Accuracy,F1 Micro,F1 Macro
0.8982204794883728,0.7135003054367747,0.6431570258580251
